{
  "LiveMCPBench (Simulated)": {
    "baseline": {
      "Recall@1": 0.9789473684210527,
      "Recall@5": 1.0,
      "nDCG@5": 0.9922301000751886,
      "SuccessRate": 0.946842105263158,
      "TokenCount": 1250.0
    },
    "dense_only": {
      "Recall@1": 0.9894736842105263,
      "Recall@5": 1.0,
      "nDCG@5": 0.9961150500375943,
      "SuccessRate": 0.948421052631579,
      "TokenCount": 1250.0
    },
    "gnn_only": {
      "Recall@1": 0.4105263157894737,
      "Recall@5": 0.5052631578947369,
      "nDCG@5": 0.46286503298068654,
      "SuccessRate": 0.5047368421052634,
      "TokenCount": 1250.0
    },
    "rrf_only": {
      "Recall@1": 0.9157894736842105,
      "Recall@5": 1.0,
      "nDCG@5": 0.9647857765037609,
      "SuccessRate": 0.9326315789473685,
      "TokenCount": 1250.0
    },
    "rrf_rerank": {
      "Recall@1": 0.08421052631578947,
      "Recall@5": 0.5157894736842106,
      "nDCG@5": 0.293470553950056,
      "SuccessRate": 0.38157894736842113,
      "TokenCount": 1250.0
    },
    "rrf_expand": {
      "Recall@1": 0.9473684210526315,
      "Recall@5": 1.0,
      "nDCG@5": 0.9791970422556403,
      "SuccessRate": 0.9405263157894738,
      "TokenCount": 1085.7894736842106
    },
    "full_pipeline": {
      "Recall@1": 0.08421052631578947,
      "Recall@5": 0.3263157894736842,
      "nDCG@5": 0.21555910091205321,
      "SuccessRate": 0.31526315789473697,
      "TokenCount": 1084.2105263157894
    }
  },
  "MCP-Bench (Simulated)": {
    "baseline": {
      "Recall@1": 0.9326923076923077,
      "Recall@5": 1.0,
      "nDCG@5": 0.9738997934752764,
      "SuccessRate": 0.9384615384615382,
      "TokenCount": 1250.0
    },
    "dense_only": {
      "Recall@1": 0.9615384615384616,
      "Recall@5": 1.0,
      "nDCG@5": 0.9858049905219791,
      "SuccessRate": 0.9442307692307691,
      "TokenCount": 1250.0
    },
    "gnn_only": {
      "Recall@1": 0.4326923076923077,
      "Recall@5": 0.49038461538461536,
      "nDCG@5": 0.4671665896724104,
      "SuccessRate": 0.5048076923076923,
      "TokenCount": 1250.0
    },
    "rrf_only": {
      "Recall@1": 0.9134615384615384,
      "Recall@5": 1.0,
      "nDCG@5": 0.9623588973647181,
      "SuccessRate": 0.9293269230769229,
      "TokenCount": 1250.0
    },
    "rrf_rerank": {
      "Recall@1": 0.08653846153846154,
      "Recall@5": 0.75,
      "nDCG@5": 0.39737424246155595,
      "SuccessRate": 0.47500000000000003,
      "TokenCount": 1250.0
    },
    "rrf_expand": {
      "Recall@1": 0.9423076923076923,
      "Recall@5": 1.0,
      "nDCG@5": 0.9749306659684075,
      "SuccessRate": 0.9370192307692307,
      "TokenCount": 1076.923076923077
    },
    "full_pipeline": {
      "Recall@1": 0.08653846153846154,
      "Recall@5": 0.36538461538461536,
      "nDCG@5": 0.23973567460581038,
      "SuccessRate": 0.34038461538461545,
      "TokenCount": 1108.6538461538462
    }
  }
}