{
  "LiveMCPBench (Simulated)": {
    "baseline": {
      "Recall@1": 0.9789473684210527,
      "Recall@5": 1.0,
      "nDCG@5": 0.9922301000751886,
      "SuccessRate": 0.946842105263158,
      "TokenCount": 1250.0
    },
    "dense_only": {
      "Recall@1": 1.0,
      "Recall@5": 1.0,
      "nDCG@5": 1.0,
      "SuccessRate": 0.9500000000000002,
      "TokenCount": 1250.0
    },
    "gnn_only": {
      "Recall@1": 0.24210526315789474,
      "Recall@5": 0.3368421052631579,
      "nDCG@5": 0.29114502889370214,
      "SuccessRate": 0.35578947368421066,
      "TokenCount": 1250.0
    },
    "rrf_only": {
      "Recall@1": 0.9578947368421052,
      "Recall@5": 1.0,
      "nDCG@5": 0.9844602001503772,
      "SuccessRate": 0.943684210526316,
      "TokenCount": 1250.0
    },
    "rrf_rerank": {
      "Recall@1": 0.9894736842105263,
      "Recall@5": 1.0,
      "nDCG@5": 0.9961150500375943,
      "SuccessRate": 0.948421052631579,
      "TokenCount": 1250.0
    },
    "rrf_expand": {
      "Recall@1": 0.9789473684210527,
      "Recall@5": 1.0,
      "nDCG@5": 0.9922301000751886,
      "SuccessRate": 0.946842105263158,
      "TokenCount": 1167.8947368421052
    },
    "full_pipeline": {
      "Recall@1": 0.9894736842105263,
      "Recall@5": 1.0,
      "nDCG@5": 0.9961150500375943,
      "SuccessRate": 0.948421052631579,
      "TokenCount": 1191.578947368421
    }
  },
  "MCP-Bench (Simulated)": {
    "baseline": {
      "Recall@1": 0.8942307692307693,
      "Recall@5": 1.0,
      "nDCG@5": 0.9565203325638948,
      "SuccessRate": 0.9278846153846151,
      "TokenCount": 1250.0
    },
    "dense_only": {
      "Recall@1": 0.9519230769230769,
      "Recall@5": 1.0,
      "nDCG@5": 0.9822562381524739,
      "SuccessRate": 0.9427884615384614,
      "TokenCount": 1250.0
    },
    "gnn_only": {
      "Recall@1": 0.3269230769230769,
      "Recall@5": 0.41346153846153844,
      "nDCG@5": 0.37364452827307465,
      "SuccessRate": 0.4269230769230769,
      "TokenCount": 1250.0
    },
    "rrf_only": {
      "Recall@1": 0.9134615384615384,
      "Recall@5": 1.0,
      "nDCG@5": 0.9610999574265311,
      "SuccessRate": 0.9278846153846152,
      "TokenCount": 1250.0
    },
    "rrf_rerank": {
      "Recall@1": 0.9423076923076923,
      "Recall@5": 1.0,
      "nDCG@5": 0.9742640944114208,
      "SuccessRate": 0.9350961538461537,
      "TokenCount": 1250.0
    },
    "rrf_expand": {
      "Recall@1": 0.9326923076923077,
      "Recall@5": 1.0,
      "nDCG@5": 0.9701229736607152,
      "SuccessRate": 0.9341346153846152,
      "TokenCount": 1169.2307692307693
    },
    "full_pipeline": {
      "Recall@1": 0.9423076923076923,
      "Recall@5": 0.9903846153846154,
      "nDCG@5": 0.9701229736607152,
      "SuccessRate": 0.931730769230769,
      "TokenCount": 1180.7692307692307
    }
  }
}