{
  "LiveMCPBench (Simulated)": {
    "baseline": {
      "Recall@1": 0.9326315789473684,
      "Recall@1_std": 0.023631520337519633,
      "Recall@5": 0.9957894736842106,
      "Recall@5_std": 0.005156820511122496,
      "nDCG@5": 0.9689936376037812,
      "nDCG@5_std": 0.012691207462448813,
      "SuccessRate": 0.9316842105263159,
      "SuccessRate_std": 0.00887212947608654,
      "TokenCount": 1250.0,
      "TokenCount_std": 0.0
    },
    "dense_only": {
      "Recall@1": 0.968421052631579,
      "Recall@1_std": 0.023062002421270163,
      "Recall@5": 0.9957894736842106,
      "Recall@5_std": 0.005156820511122496,
      "nDCG@5": 0.9835957820005795,
      "nDCG@5_std": 0.012676567484114547,
      "SuccessRate": 0.9394736842105263,
      "SuccessRate_std": 0.008460434230488473,
      "TokenCount": 1250.0,
      "TokenCount_std": 0.0
    },
    "gnn_only": {
      "Recall@1": 0.26105263157894737,
      "Recall@1_std": 0.03609774357785737,
      "Recall@5": 0.3494736842105263,
      "Recall@5_std": 0.04583482327805736,
      "nDCG@5": 0.3069133121978616,
      "nDCG@5_std": 0.038878292249620215,
      "SuccessRate": 0.3690526315789474,
      "SuccessRate_std": 0.03378504643893341,
      "TokenCount": 1250.0,
      "TokenCount_std": 0.0
    },
    "rrf_only": {
      "Recall@1": 0.9136842105263158,
      "Recall@1_std": 0.0261256287284018,
      "Recall@5": 0.9957894736842106,
      "Recall@5_std": 0.005156820511122496,
      "nDCG@5": 0.9613734305605035,
      "nDCG@5_std": 0.013936422676219487,
      "SuccessRate": 0.9287368421052633,
      "SuccessRate_std": 0.009168173300175431,
      "TokenCount": 1250.0,
      "TokenCount_std": 0.0
    },
    "rrf_rerank": {
      "Recall@1": 0.7242105263157894,
      "Recall@1_std": 0.05258945682861808,
      "Recall@5": 0.9894736842105264,
      "Recall@5_std": 0.009415023063156988,
      "nDCG@5": 0.8802765839027712,
      "nDCG@5_std": 0.02091377669559611,
      "SuccessRate": 0.8871578947368424,
      "SuccessRate_std": 0.011865357289231049,
      "TokenCount": 1250.0,
      "TokenCount_std": 0.0
    },
    "rrf_expand": {
      "Recall@1": 0.9452631578947368,
      "Recall@1_std": 0.027770328333206175,
      "Recall@5": 0.9978947368421054,
      "Recall@5_std": 0.004210526315789487,
      "nDCG@5": 0.9750000973141486,
      "nDCG@5_std": 0.013644832211947481,
      "SuccessRate": 0.9355789473684213,
      "SuccessRate_std": 0.00860715414600412,
      "TokenCount": 1180.5263157894738,
      "TokenCount_std": 9.420905614848177
    },
    "full_pipeline": {
      "Recall@1": 0.7242105263157894,
      "Recall@1_std": 0.05258945682861808,
      "Recall@5": 0.9831578947368422,
      "Recall@5_std": 0.010734777923353218,
      "nDCG@5": 0.8776487819588106,
      "nDCG@5_std": 0.026235116883688066,
      "SuccessRate": 0.8849473684210526,
      "SuccessRate_std": 0.016035279664097495,
      "TokenCount": 1190.6315789473686,
      "TokenCount_std": 8.56715366289501
    }
  },
  "MCP-Bench (Simulated)": {
    "baseline": {
      "Recall@1": 0.9326923076923077,
      "Recall@1_std": 0.010533126105868542,
      "Recall@5": 1.0,
      "Recall@5_std": 0.0,
      "nDCG@5": 0.9721908313912959,
      "nDCG@5_std": 0.004380663579806994,
      "SuccessRate": 0.9357692307692307,
      "SuccessRate_std": 0.002141447831857739,
      "TokenCount": 1250.0,
      "TokenCount_std": 0.0
    },
    "dense_only": {
      "Recall@1": 0.9576923076923076,
      "Recall@1_std": 0.015623150778146066,
      "Recall@5": 1.0,
      "Recall@5_std": 0.0,
      "nDCG@5": 0.9828941182455144,
      "nDCG@5_std": 0.00532813226545826,
      "SuccessRate": 0.9413461538461536,
      "SuccessRate_std": 0.001824390957789367,
      "TokenCount": 1250.0,
      "TokenCount_std": 0.0
    },
    "gnn_only": {
      "Recall@1": 0.2903846153846154,
      "Recall@1_std": 0.04443930772419748,
      "Recall@5": 0.39230769230769236,
      "Recall@5_std": 0.0318325872254747,
      "nDCG@5": 0.3453724275550845,
      "nDCG@5_std": 0.036015041547317245,
      "SuccessRate": 0.40413461538461537,
      "SuccessRate_std": 0.029153173830283024,
      "TokenCount": 1250.0,
      "TokenCount_std": 0.0
    },
    "rrf_only": {
      "Recall@1": 0.923076923076923,
      "Recall@1_std": 0.01359820733051053,
      "Recall@5": 1.0,
      "Recall@5_std": 0.0,
      "nDCG@5": 0.965655861746586,
      "nDCG@5_std": 0.0064555674707717225,
      "SuccessRate": 0.9304807692307691,
      "SuccessRate_std": 0.003514551323557135,
      "TokenCount": 1250.0,
      "TokenCount_std": 0.0
    },
    "rrf_rerank": {
      "Recall@1": 0.7634615384615385,
      "Recall@1_std": 0.030769230769230767,
      "Recall@5": 0.9961538461538462,
      "Recall@5_std": 0.004710557197659941,
      "nDCG@5": 0.8994903844997397,
      "nDCG@5_std": 0.011649808103296251,
      "SuccessRate": 0.8972115384615383,
      "SuccessRate_std": 0.006608784722092187,
      "TokenCount": 1250.0,
      "TokenCount_std": 0.0
    },
    "rrf_expand": {
      "Recall@1": 0.9384615384615385,
      "Recall@1_std": 0.013042942275240894,
      "Recall@5": 0.9961538461538462,
      "Recall@5_std": 0.004710557197659941,
      "nDCG@5": 0.9697606523373077,
      "nDCG@5_std": 0.005501289863269909,
      "SuccessRate": 0.9317307692307691,
      "SuccessRate_std": 0.003929387834942792,
      "TokenCount": 1168.9423076923078,
      "TokenCount_std": 6.346153846153844
    },
    "full_pipeline": {
      "Recall@1": 0.7634615384615385,
      "Recall@1_std": 0.030769230769230767,
      "Recall@5": 0.9807692307692308,
      "Recall@5_std": 0.01608961589488609,
      "nDCG@5": 0.8929488677425315,
      "nDCG@5_std": 0.010162841734426836,
      "SuccessRate": 0.891826923076923,
      "SuccessRate_std": 0.008096359398085005,
      "TokenCount": 1184.8076923076926,
      "TokenCount_std": 8.62495176214967
    }
  }
}